Violet,9000716482,670 S 342,ANDHRA,131101
Halee,9000716483,73 W Wall St,TELANGANA,131102
Grace,9000716484,680 W Church St,UP,131103
Cecilia,9000716485,17 Bus 283,GUJARAT,131104
Blythe,9000716486,112 N Cleveland St,ORISA,131105
Charde,9000716487,741 Fredericksburg Rd,BANGLORE,131106
Hayfa,9000716488,81 13th St,BIHAR,131107
Imani,9000716489,932 State Hwy 222,DELHI,131109
Cassady,9000716490,22 Hwy 36,TAMILNADU,131110
Kerry,9000716491,17 Southwest Blvd,KERALA,131112
Brynne,9000716492,978 E 1st St,ASSAM,131113
Kelsey,9000716493,9485 US Hwy 90A W,JAIPUR,131114
Tara,9000716494,8715 S Travis St,ANDHRA,131115
Lynn,9000716495,9646 N Loop Fwy,TELANGANA,131116
Alana,9000716496,5600 Mc Kay St,UP,131117
Sonia,9000716497,182 East Rd,GUJARAT,131118
Tanya,9000716498,824 13th St,ORISA,131119
Idona,9000716499,4400 Shelbyville St,BANGLORE,131120
Deirdre,9000716500,733 143,BIHAR,131121
Naomi,9000716501,7590 State Hwy 123 Bus,DELHI,131123
Deirdre,9000716502,9120 N Zapata Hwy,TAMILNADU,131124
Regina,9000716503,30 Juniper St,KERALA,131125
Nomlanga,9000716504,22058 Chandler Rd,ASSAM,131126
Zelda,9000716505,59 N Parmele St,JAIPUR,131127
Ursa,9000716506,782 Oyster Creek Dr,ANDHRA,131128
Kiayada,9000716507,767 SW 1st St,TELANGANA,131130
Nicole,9000716508,9453 S Storts St,UP,131131
Xaviera,9000716509,90162 N Rice St,GUJARAT,131132
Zelenia,9000716510,99 SE 8th St,ORISA,131133
Phoebe,9000716511,610 Farm Rd 784,BANGLORE,131134
Shay,9000716512,87 Bailey Ave,BIHAR,131135
Shaeleigh,9000716513,6098 State Hwy 34,DELHI,131136
Idona,9000716514,72145 S Greer Blvd,TAMILNADU,131137
Neve,9000716515,12985 Probandt St,KERALA,131138
Ciara,9000716516,933 S Columbia Dr,ASSAM,131141
Laurel,9000716517,90 96 N,JAIPUR,131143
Ignacia,9000716518,12566 W Mansfield Hwy,ANDHRA,131145
Aphrodite,9000716519,6856 Glen Rose Rd,TELANGANA,131146
Gay,9000716520,90745 E Gravis Ave,UP,131147
Ruth,9000716521,39907 N Hwy 360,GUJARAT,131148
Indira,9000716522,3548 State Hwy 204,ORISA,131153
Rinah,9000716523,8480 W Goliad Ave,BANGLORE,131154
Eve,9000716524,8966 Ranch Rd 55,BIHAR,131203
Nicole,9000716525,578 S Green St,DELHI,131204
Freya,9000716526,91 N Broadway,TAMILNADU,131205
Cara,9000716527,24200 State Hwy 78G Bus,KERALA,131206
Rana,9000716528,98 State Spur 84,ASSAM,131207
Anika,9000716529,644 Lake St,JAIPUR,131208
Avye,9000716530,43 State Loop 171,ANDHRA,131209
Robin,9000716531,3830 I- 35W,TELANGANA,131210
Astra,9000716532,3174 Poly North Fwy,UP,131212
Freya,9000716533,29292 Loop 332,GUJARAT,131213
Sacha,9000716534,30430 N US Hwy 277,ORISA,131214
Madonna,9000716535,3964 FM 170,BANGLORE,131215
Noelle,9000716536,30 W Bandera Rd,BIHAR,131217
Kay,9000716537,17789 E Hwy 85,DELHI,131220
Pearl,9000716538,612 N Perry St,TAMILNADU,131221
Genevieve,9000716539,310 US Hwy 70,KERALA,131222
Madonna,9000716540,63 Hwy 6 Byp,ASSAM,131223
Eden,9000716541,77 S Graham Ave,JAIPUR,131225
Anne,9000716542,256 E Navarro St,ANDHRA,131226
Rana,9000716543,70059 State Hwy 71 W,TELANGANA,131227
Calista,9000716544,15 E Blackjack St,UP,131228
Yoko,9000716545,51 Arp Dr,GUJARAT,131229
Summer,9000716546,7024 Old Fechner,ORISA,131230
Karen,9000716547,97571 S Nueces St,BANGLORE,131231
Giselle,9000716548,602 W Loop Fwy,BIHAR,131232
Reagan,9000716549,2613 59-Hov,DELHI,131234
Naida,9000716550,764 S Bridge St,TAMILNADU,131235
Jordan,9000716551,131 Chandler Rd,KERALA,131237
Medge,9000716552,3968 Frisco St,ASSAM,131238
Celeste,9000716553,29226 N Williams St,JAIPUR,131239
Melissa,9000716554,13978 State Loop 398,ANDHRA,131242
Madeline,9000716555,510 State Hwy 305,TELANGANA,131243
Jena,9000716556,33054 NW H K Dodgen Loop,UP,131244
Lee,9000716557,180 State Hwy 61,GUJARAT,131245
Cora,9000716558,24 US Hwy 69D Bus,ORISA,131247
Scarlett,9000716559,111 Larado St,BANGLORE,131248
Phyllis,9000716560,32218 W Tom Landry St,BIHAR,131249
Alma,9000716561,25186 Main Hwy,DELHI,131250
Brielle,9000716562,19 Maple St,TAMILNADU,131251
Melinda,9000716563,5776 N State Hwy 19,KERALA,131253
Petra,9000716564,88 E Wise St,ASSAM,131301
Shelly,9000716565,1547 Sealy Ave,JAIPUR,131304
Kylynn,9000716566,22 State Loop 14,ANDHRA,131309
Zia,9000716567,59 Savannah Ave,TELANGANA,131311
Lee,9000716568,7409 State Hwy 224,UP,131312
Patience,9000716569,4734 Gaston Ave,GUJARAT,131313
Dakota,9000716570,79521 Ave J,ORISA,131314
Lisandra,9000716571,63486 I- 20J Bus,BANGLORE,131318
Shay,9000716572,79 S Georgia St,BIHAR,131321
Sigourney,9000716573,700 E Northwest Hwy,DELHI,131322
Zenia,9000716574,669 S Church,TAMILNADU,131323
Galena,9000716575,624 Roland Ave,KERALA,131326
Margaret,9000716576,22705 W 3rd St,ASSAM,131327
Nerea,9000716577,423 S Berry St,JAIPUR,131328
Tanya,9000716578,43 FM 196,ANDHRA,131330
Kendall,9000716579,47175 W Loop 543,TELANGANA,131332
Rose,9000716580,33 W Loop Rd,UP,131333
Erin,9000716581,92 Jefferson Davis Hwy,GUJARAT,131334
Violet,9000716582,60447 E Hwy 85,ORISA,131335
Halee,9000716583,2781 N May St,BANGLORE,131336
Grace,9000716584,645 I- 610,BIHAR,131337
Cecilia,9000716585,702 W Sinton St,DELHI,131338
Blythe,9000716586,9846 Hwy Blvd,TAMILNADU,131340
Charde,9000716587,85643 State Hwy 21,KERALA,131341
Hayfa,9000716588,41848 State Loop 133,ASSAM,131342
Imani,9000716589,8456 N Hill St,JAIPUR,131343
Cassady,9000716590,6588 S Bickley Ave,ANDHRA,131344
Kerry,9000716591,47890 Broadway Rear St,TELANGANA,131345
Brynne,9000716592,7006 Shenandoah Park Dr,UP,131346
Kelsey,9000716593,33648 N 4th St,GUJARAT,131348
Tara,9000716594,62 US Hwy 67,ORISA,131350
Lynn,9000716595,244 W Wilson St,BANGLORE,131352
Alana,9000716596,41 W State Hwy 85,BIHAR,131353
Sonia,9000716597,498 N Beckley St,DELHI,131402
Tanya,9000716598,81404 Hempstead Hwy,TAMILNADU,131404
Idona,9000716599,7531 Dustin,KERALA,131405
Deirdre,9000716600,1920 N Akard St,ASSAM,131406
Naomi,9000716601,27 Ave C,JAIPUR,131407
Deirdre,9000716602,38 Ranch Rd 1731,ANDHRA,131408
Regina,9000716603,83 NW 1st St,TELANGANA,131409
Nomlanga,9000716604,904 Paseo Encinals Dr N,UP,131410
Zelda,9000716605,97 Ellis St,GUJARAT,131411
Ursa,9000716606,93 E Ave E,ORISA,131413
Kiayada,9000716607,92980 S John Redditt Dr,BANGLORE,131415
Nicole,9000716608,76 E 14th St,BIHAR,131417
Xaviera,9000716609,672 Puros Neqocios,DELHI,131418
Zelenia,9000716610,4550 US Hwy 83 S,TAMILNADU,131419
Phoebe,9000716611,54051 SW H K Dodgen Lp,KERALA,131421
Shay,9000716612,83 FM 2123,ASSAM,131422
Shaeleigh,9000716613,14 State Hwy 350,JAIPUR,131423
Idona,9000716614,53 N San Patricio Ave,ANDHRA,131425
Neve,9000716615,6209 N State Hwy 288,TELANGANA,131426
Ciara,9000716616,26 E Jackson St,UP,131427
Laurel,9000716617,726 Hwy 1765,GUJARAT,131428
Ignacia,9000716618,693 W Hwy 71,ORISA,131429
Aphrodite,9000716619,545 Floydada Ave,BANGLORE,131432
Gay,9000716620,7322 Creek Road 430,BIHAR,131433
Ruth,9000716621,3705 S Georgia,DELHI,131435
Indira,9000716622,8713 N State Hwy 5,TAMILNADU,131437
Rinah,9000716623,14 Summit Ave,KERALA,131438
Eve,9000716624,872 Redwater Blvd E,ASSAM,131441
Nicole,9000716625,43 S Loop 281,JAIPUR,131443
Freya,9000716626,587 State Spur 241,ANDHRA,131445
Cara,9000716627,17 N Cockrell St,TELANGANA,131447
Rana,9000716628,32 S Brazosport Blvd,UP,131448
Anika,9000716629,36 S Austin Ave,GUJARAT,131449
Avye,9000716630,239 Franklin Ave,ORISA,131451
Robin,9000716631,15 State Hwy 46C Bus,BANGLORE,131452
Astra,9000716632,42 Hwy 288B,BIHAR,132108
Freya,9000716633,4922 St Francis Ave,DELHI,132218
Sacha,9000716634,914 Wallis Ave,TAMILNADU,132241
Madonna,9000716635,485 E Sarah Dewitt Dr,KERALA,132302
Noelle,9000716636,7320 Thigpen St,ASSAM,132305
Kay,9000716637,33618 State Rte 185,JAIPUR,132324
Pearl,9000716638,43 E Blackjack St,ANDHRA,132329
Genevieve,9000716639,38 N Vermillion Rd,TELANGANA,132339
Madonna,9000716640,26322 State Hwy 165,UP,132401
Eden,9000716641,385 US Hwy 281 Bus,GUJARAT,132412
Anne,9000716642,56 N Hwy 137,ORISA,132414
Rana,9000716643,61 W Loop 254,BANGLORE,132416
Calista,9000716644,7666 I- 10C Bus,BIHAR,132431
Yoko,9000716645,5679 FM 153,DELHI,133111
Summer,9000716646,98568 FM 2123,TAMILNADU,133122
Karen,9000716647,51 Main Ave,KERALA,133129
Giselle,9000716648,2391 US Hwy 181 N,ASSAM,133139
Reagan,9000716649,949 S Divide,JAIPUR,133140
Naida,9000716650,597 E Church St,ANDHRA,133142
Jordan,9000716651,31 N Martin Luther King,TELANGANA,133144
Medge,9000716652,23382 Ss 248 E,UP,133149
Celeste,9000716653,35204 N Ave B,GUJARAT,133150
Melissa,9000716654,792 N State Hwy 87,ORISA,133151
Madeline,9000716655,85158 Wills Way,BANGLORE,133152
Jena,9000716656,963 Texas St,BIHAR,133202
Lee,9000716657,43 FM 466,DELHI,133211
Cora,9000716658,41516 W Cartwright Rd,TAMILNADU,133216
Scarlett,9000716659,865 S Depot Rd,KERALA,133219
Phyllis,9000716660,584 Harper St,ASSAM,133224
Alma,9000716661,6057 N 16th St,JAIPUR,133233
Brielle,9000716662,866 N Spur 63,ANDHRA,133236
Melinda,9000716663,53 Commerce Dr,TELANGANA,133240
Petra,9000716664,53045 N Commerce St,UP,133246
Shelly,9000716665,193 S Dr E E Dunlap Hwy,GUJARAT,133252
Kylynn,9000716666,3607 S Jefferson Ave,ORISA,133303
Zia,9000716667,78208 State Hwy 26,BANGLORE,133306
Lee,9000716668,51 US Hwy 281 S,BIHAR,133307
Patience,9000716669,7326 John King Blvd,DELHI,133308
Dakota,9000716670,44195 S Velasco St,TAMILNADU,133310
Lisandra,9000716671,68091 E First St,KERALA,133315
Shay,9000716672,2958 N Trade Days Blvd,ASSAM,133316
Sigourney,9000716673,971 Williams St,JAIPUR,133317
Zenia,9000716674,55749 State Spur 278,ANDHRA,133319
Galena,9000716675,6884 S State St,TELANGANA,133320
Margaret,9000716676,2574 Fisher Ave E,UP,133325
Nerea,9000716677,64 FM 1174,GUJARAT,133331
Tanya,9000716678,16 N 16th St,ORISA,133347
Kendall,9000716679,191 E Frank Ave,BANGLORE,133349
Rose,9000716680,25711 Hwy 271,BIHAR,133351
Erin,9000716681,93526 Ave C,DELHI,133403
Violet,9000716682,30788 Hurst St,TAMILNADU,133420
Halee,9000716683,76 Hall St,KERALA,133424
Grace,9000716684,4707 US Hwy 175,ASSAM,133430
Cecilia,9000716685,97745 US Hwy 69 N,JAIPUR,133434
Blythe,9000716686,14 Baker Hurst Blvd,ANDHRA,133436
Charde,9000716687,14 E Nelson St,TELANGANA,133439
Hayfa,9000716688,3995 State Loop 490,UP,133440
Imani,9000716689,97596 Powderhorn Rd,GUJARAT,133442
Cassady,9000716690,64745 FM 1745,ORISA,133444
Kerry,9000716691,8799 Lamar Ave,BANGLORE,133446
Brynne,9000716692,5110 S Soncy Rd,BIHAR,133450
Kelsey,9000716693,2861 N Business Ih 35,DELHI,133454
Tara,9000716694,5382 Cleveland Blvd,TAMILNADU,133458
Lynn,9000716695,610 N Perry St,KERALA,133462
Alana,9000716696,45512 State Spur 63,ASSAM,133466
Sonia,9000716697,22 E Lake Dr,JAIPUR,133470
Tanya,9000716698,15 S Day St,ANDHRA,133474
Idona,9000716699,301 Sycamore St,TELANGANA,133478
Deirdre,9000716700,96 N Koenigheim St,UP,133482
Naomi,9000716701,375 SW H K Dodgen Lp,GUJARAT,133486
Deirdre,9000716702,271 S Red River Expy,ORISA,133490
Regina,9000716703,53073 W Oklahoma Ave,BANGLORE,133494
Nomlanga,9000716704,573 Ranch Rd 608,BIHAR,133498
Zelda,9000716705,2045 N Houston Ave,DELHI,133502
Ursa,9000716706,89014 Laredo St,TAMILNADU,133506
Kiayada,9000716707,39022 E State Hwy 97,KERALA,133510
Nicole,9000716708,3378 Ranch Rd 475,ASSAM,133514
Xaviera,9000716709,989 N Carroll St,JAIPUR,133518
Zelenia,9000716710,90 Neals Fwy,ANDHRA,133522
Phoebe,9000716711,617 Colleyville Blvd,TELANGANA,133526
Shay,9000716712,492 E San Antonio St,UP,133530
Shaeleigh,9000716713,56 N Sunset Strip St,GUJARAT,133534
Idona,9000716714,5949 Elkhart Rd,ORISA,133538
Neve,9000716715,59867 Ranch Rd 1121,BANGLORE,133542
Ciara,9000716716,68 FM 916,BIHAR,133546
Laurel,9000716717,28 W McHarg St,DELHI,133550
Ignacia,9000716718,559 FM 973,TAMILNADU,133554
Aphrodite,9000716719,79 Santa Rosa Dr,KERALA,133558
Gay,9000716720,197 E I- 30,ASSAM,133562
Ruth,9000716721,41 US Hwy 283 N,JAIPUR,133566
Indira,9000716722,49 W Levee Rd,ANDHRA,133570
Rinah,9000716723,84 State Hwy 41,TELANGANA,133574
Eve,9000716724,640 E Hearne Ave,UP,133578
Nicole,9000716725,485 State Hwy 146 N,GUJARAT,133582
Freya,9000716726,12 Interstate Hwy 20 E,ORISA,133586
Cara,9000716727,67 State Spur 76,BANGLORE,133590
Rana,9000716728,89674 N W E Crawford Ave,BIHAR,133594
Anika,9000716729,4317 State Loop 426,DELHI,133598
Avye,9000716730,68419 I- 635 H O V,TAMILNADU,133602
Robin,9000716731,482 E US Hwy 70,KERALA,133606
Astra,9000716732,52 Boy St,ASSAM,133610
Freya,9000716733,61530 E State Loop 543,JAIPUR,133614
Sacha,9000716734,937 Sabine St,ANDHRA,133618
Madonna,9000716735,2933 State Loop 332,TELANGANA,133622
Noelle,9000716736,593 E Blackjack St,UP,133626
Kay,9000716737,7553 State Loop 264,GUJARAT,133630
Pearl,9000716738,485 E Loop 820 N,ORISA,133634
Genevieve,9000716739,28 Commercial Ave,BANGLORE,133638
Madonna,9000716740,33 N Business Ih 35,BIHAR,133642
Eden,9000716741,227 State Hwy 46 E,DELHI,133646
Anne,9000716742,54283 E Hwy 90,TAMILNADU,133650
Rana,9000716743,84 Robert B Cullum Blvd,KERALA,133654
Calista,9000716744,3554 Divide,ASSAM,133658
Yoko,9000716745,53828 Junction Hwy,JAIPUR,133662
Summer,9000716746,30 D H Abernathy Blvd,ANDHRA,133666
Karen,9000716747,265 NE 4th St,TELANGANA,133670
Giselle,9000716748,554 Speed Ave,UP,133674
Reagan,9000716749,25701 Fritch Hwy,GUJARAT,133678
Naida,9000716750,207 Texas Ave S,ORISA,133682
Jordan,9000716751,7048 Jim Wright Fwy NE,BANGLORE,133686
Medge,9000716752,557 Bear Dr,BIHAR,133690
Celeste,9000716753,398 State Hwy 125,DELHI,133694
Melissa,9000716754,94150 FM 148,TAMILNADU,133698
Madeline,9000716755,24 Sanderson Hwy,KERALA,133702
Jena,9000716756,304 Mesquite St,ASSAM,133706
Lee,9000716757,90290 N Crawford,JAIPUR,133710
Cora,9000716758,631 S 10th Ave,ANDHRA,133714
Scarlett,9000716759,1230 N 12th St,TELANGANA,133718
Phyllis,9000716760,87361 Van Hwy,UP,133722
Alma,9000716761,889 Dill St,GUJARAT,133726
Brielle,9000716762,30 FM 1845 S,ORISA,133730
Melinda,9000716763,469 W State Hwy 7,BANGLORE,133734
Petra,9000716764,601 W Broadway Ave,BIHAR,133738
Shelly,9000716765,74935 FM 959,DELHI,133742
Kylynn,9000716766,118 Ranch Rd 187,TAMILNADU,133746
Zia,9000716767,71 E S Lp,KERALA,133750
Lee,9000716768,4056 S 342,ASSAM,133754
Patience,9000716769,45752 W Calvert Ave,JAIPUR,133758
Dakota,9000716770,627 Colorado Dr,ANDHRA,133762
Lisandra,9000716771,63 Primrose Rd,TELANGANA,133766
Shay,9000716772,777 Hwy 6 Byp,UP,133770
Sigourney,9000716773,40922 Southview Ln,GUJARAT,133774
Zenia,9000716774,9756 Hwy,ORISA,133778
Galena,9000716775,297 N Hwy 181,BANGLORE,133782
Margaret,9000716776,8628 E Santa Rosa,BIHAR,133786
Nerea,9000716777,915 State Spur 529,DELHI,133790
Tanya,9000716778,29166 Wharton Weems Blvd,TAMILNADU,133794
Kendall,9000716779,720 FM 973,KERALA,133798
Rose,9000716780,24 State Hwy 44 W,ASSAM,133802
Erin,9000716781,42 FM 35,JAIPUR,133806
Violet,9000716782,34 State Hwy 28,ANDHRA,133810
Halee,9000716783,74 Hwy 3 N,TELANGANA,133814
Grace,9000716784,10866 State Spur 36,UP,133818
Cecilia,9000716785,1986 E Chambers St,GUJARAT,133822
Blythe,9000716786,32 Longhorn Dr,ORISA,133826
Charde,9000716787,3751 S Front St,BANGLORE,133830
Hayfa,9000716788,8324 San Antonio Hwy,BIHAR,133834
Imani,9000716789,442 W Rio Grande St,DELHI,133838
Cassady,9000716790,99 S State Hwy 208,TAMILNADU,133842
Kerry,9000716791,743 Crosstown Fwy,KERALA,133846
Brynne,9000716792,6126 Goliad Ave,ASSAM,133850
Kelsey,9000716793,5553 NE 4th St,JAIPUR,133854
Tara,9000716794,7572 State Hwy 164,ANDHRA,133858
Lynn,9000716795,90 State Loop 238,TELANGANA,133862
Alana,9000716796,7576 Waelder Rd,UP,133866
Sonia,9000716797,186 Hwy 102,GUJARAT,133870
Tanya,9000716798,728 Martin Luther King F,ORISA,133874
Idona,9000716799,175 FM 1731,BANGLORE,133878
Deirdre,9000716800,80925 Luther St,BIHAR,133882
Naomi,9000716801,12 N US Hwy 271,DELHI,133886
Deirdre,9000716802,13216 State Loop 133,TAMILNADU,133890
Regina,9000716803,9371 Adams St,KERALA,133894
Nomlanga,9000716804,32421 Brookhaven,ASSAM,133898
Zelda,9000716805,44 US Hwy Bus 271,JAIPUR,133902
Ursa,9000716806,3248 State Loop 570,ANDHRA,133906
Kiayada,9000716807,96433 23rd St,TELANGANA,133910
Nicole,9000716808,6983 S Buffalo Ave,UP,133914
Xaviera,9000716809,18 State Spur 407,GUJARAT,133918
Zelenia,9000716810,23364 W First St,ORISA,133922
Phoebe,9000716811,576 US Hwy 69 N,BANGLORE,133926
Shay,9000716812,5686 Lone Star Pkwy N,BIHAR,133930
Shaeleigh,9000716813,42963 FM 1271,DELHI,133934
Idona,9000716814,90 S US Hwy 87,TAMILNADU,133938
Neve,9000716815,60550 Lockhart Hwy,KERALA,133942
Ciara,9000716816,851 Luther St,ASSAM,133946
Laurel,9000716817,81 Joe Battle Blvd,JAIPUR,133950
Ignacia,9000716818,73 I- 410,ANDHRA,133954
Aphrodite,9000716819,666 N McDonald St,TELANGANA,133958
Gay,9000716820,3425 State Loop 346,UP,133962
Ruth,9000716821,43 State Hwy 154 W,GUJARAT,133966
Indira,9000716822,4195 State Spur 312,ORISA,133970
Rinah,9000716823,7166 S US Hwy 69,BANGLORE,133974
Eve,9000716824,87098 Bensdale Rd,BIHAR,133978
Nicole,9000716825,178 E 9th St,DELHI,133982
Freya,9000716826,13923 E Hwy 82,TAMILNADU,133986
Cara,9000716827,27 N Zapata Hwy,KERALA,133990
Rana,9000716828,852 Preston Rd,ASSAM,133994
Anika,9000716829,7481 East Ave,JAIPUR,133998
Avye,9000716830,13 Storey Ln,ANDHRA,134002
Robin,9000716831,9988 N Wayside Dr,TELANGANA,134006
Astra,9000716832,589 E Hamilton St,UP,134010
Freya,9000716833,29 S Hw 36,GUJARAT,134014
Sacha,9000716834,925 Paris Rd,ORISA,134018
Madonna,9000716835,8650 Padre Island Dr Brg,BANGLORE,134022
Noelle,9000716836,6287 FM 2360,BIHAR,134026
Kay,9000716837,36 FM 902,DELHI,134030
Pearl,9000716838,68 W Wilks St,TAMILNADU,134034
Genevieve,9000716839,47 W Fairwinds St,KERALA,134038
Madonna,9000716840,10 Short St,ASSAM,134042
Eden,9000716841,98 Beltway 8,JAIPUR,134046
Anne,9000716842,934 S US Hwy 385,ANDHRA,134050
Rana,9000716843,132 State Spur 350,TELANGANA,134054
Calista,9000716844,16 N Chaparral St,UP,134058
Yoko,9000716845,68110 N Jefferson Ave,GUJARAT,134062
Summer,9000716846,23 Hwy 377 N,ORISA,134066
Karen,9000716847,891 W US Hwy 380 Bus,BANGLORE,134070
Giselle,9000716848,9771 Texas Spur 406,BIHAR,134074
Reagan,9000716849,41 State Spur 268,DELHI,134078
Naida,9000716850,59227 Van Horn St,TAMILNADU,134082
Jordan,9000716851,3613 NW Loop 338 Naval Ba,KERALA,134086
Medge,9000716852,53078 State Hwy Loop 381,ASSAM,134090
Celeste,9000716853,1566 Airport Blvd,JAIPUR,134094
Melissa,9000716854,766 E Elm St,ANDHRA,134098
Madeline,9000716855,9640 Bus State Hwy 19,TELANGANA,134102
Jena,9000716856,40149 Brazoria Rd,UP,134106
Lee,9000716857,698 S Saginaw Blvd,GUJARAT,134110
Cora,9000716858,6202 Rail Road Ave,ORISA,134114
Scarlett,9000716859,5765 S Highway 358 State ,BANGLORE,134118
Phyllis,9000716860,483 State Hwy 286,BIHAR,134122
Alma,9000716861,542 N Waco St,DELHI,134126
Brielle,9000716862,67655 N Brooks Dr,TAMILNADU,134130
Melinda,9000716863,45 W Oaklawn Rd,KERALA,134134
Petra,9000716864,731 Spr 414,ASSAM,134138
Shelly,9000716865,3367 S US Hwy 385,JAIPUR,134142
Kylynn,9000716866,621 Boykin Dr,ANDHRA,134146
Zia,9000716867,94 N Ellis St,TELANGANA,134150
Lee,9000716868,50591 N Business 45,UP,134154
Patience,9000716869,540 E Larissa St,GUJARAT,134158
Dakota,9000716870,6116 Hanning St,ORISA,134162
Lisandra,9000716871,39 Garland St,BANGLORE,134166
Shay,9000716872,510 N Lamar Blvd,BIHAR,134170
Sigourney,9000716873,30 State Hwy 349,DELHI,134174
Zenia,9000716874,17 Mount Pleasant St,TAMILNADU,134178
Galena,9000716875,938 Hwy 87,KERALA,134182
Margaret,9000716876,555 I- 35E Bus,ASSAM,134186
Nerea,9000716877,5141 N Loop 322,JAIPUR,134190
Tanya,9000716878,117 Palestine St,ANDHRA,134194
Kendall,9000716879,8032 Cagle,TELANGANA,134198
Rose,9000716880,4618 I- 40 Bus,UP,134202
Erin,9000716881,197 State Hwy 121 N,GUJARAT,134206
Violet,9000716882,60214 NE 1st St,ORISA,134210
Halee,9000716883,19834 W Tyler St,BANGLORE,134214
Grace,9000716884,3812 Garden City Hwy,BIHAR,134218
Cecilia,9000716885,7793 FM 499,DELHI,134222
Blythe,9000716886,7777 State Hwy 186,TAMILNADU,134226
Charde,9000716887,35 Rodd Field Rd,KERALA,134230
Hayfa,9000716888,69433 US Hwy 175E Bus,ASSAM,134234
Imani,9000716889,128 Toll 45,JAIPUR,134238
Cassady,9000716890,16281 Ss 45 E,ANDHRA,134242
Kerry,9000716891,43 Expy 83 W,TELANGANA,134246
Brynne,9000716892,59699 N 3rd St,UP,134250
Kelsey,9000716893,6858 Griffin Rd,GUJARAT,134254
Tara,9000716894,2289 Old Henrietta Hwy,ORISA,134258
Lynn,9000716895,38 State Hwy 238,BANGLORE,134262
Alana,9000716896,74 Fords Rd,BIHAR,134266
Sonia,9000716897,46510 Cotulla,DELHI,134270
Tanya,9000716898,87 State Loop 336,TAMILNADU,134274
Idona,9000716899,88227 US Hwy 81D Bus,KERALA,134278
Deirdre,9000716900,7974 S Water St,ASSAM,134282
Naomi,9000716901,96 Doniphan Rd,JAIPUR,134286
Deirdre,9000716902,9606 36th St S,ANDHRA,134290
Regina,9000716903,62598 SW Moody St,TELANGANA,134294
Nomlanga,9000716904,4453 N State Hwy 214,UP,134298
Zelda,9000716905,25 N S Hwy 16,GUJARAT,134302
Ursa,9000716906,27 FM 1937,ORISA,134306
Kiayada,9000716907,18753 Gilmer Rd,BANGLORE,134310
Nicole,9000716908,44099 Linden Hwy,BIHAR,134314
Xaviera,9000716909,83 State Loop 381,DELHI,134318
Zelenia,9000716910,17377 Ranch Rd 209,TAMILNADU,134322
Phoebe,9000716911,2763 W 16th St,KERALA,134326
Shay,9000716912,75725 N Senter Ave,ASSAM,134330
Shaeleigh,9000716913,958 Poplar Ave,JAIPUR,134334
Idona,9000716914,20914 Central Texas Expy,ANDHRA,134338
Neve,9000716915,75098 W 2nd,TELANGANA,134342
Ciara,9000716916,26318 General Hudnell Dr,UP,134346
Laurel,9000716917,71 State Hwy 81 Bus,GUJARAT,134350
Ignacia,9000716918,785 State Loop 491,ORISA,134354
Aphrodite,9000716919,8524 State Spur 326,BANGLORE,134358
Gay,9000716920,50 E State Hwy 36,BIHAR,134362
Ruth,9000716921,8098 N Copia St,DELHI,134366
Indira,9000716922,3273 State Hwy 99,TAMILNADU,134370
Rinah,9000716923,61326 Rock Creek Rd,KERALA,134374
Eve,9000716924,90 State Hwy 1904 E,ASSAM,134378
Nicole,9000716925,231 State Loop 281,JAIPUR,134382
Freya,9000716926,35009 W King Ave,ANDHRA,134386
Cara,9000716927,60157 State Hwy 10,TELANGANA,134390
Rana,9000716928,770 SW 5th St,UP,134394
Anika,9000716929,6515 Autumn Sage Ln,GUJARAT,134398
Avye,9000716930,56 N Houston Ave,ORISA,134402
Robin,9000716931,16 W Ave A,BANGLORE,134406
Astra,9000716932,90962 E Frank Ave,BIHAR,134410
Freya,9000716933,132 E Pioneer Pkwy,DELHI,134414
Sacha,9000716934,17266 State Spur 245,TAMILNADU,134418
Madonna,9000716935,98 288B,KERALA,134422
Noelle,9000716936,3189 S US Hwy 77,ASSAM,134426
Kay,9000716937,82606 Rene la Salle,JAIPUR,134430
Pearl,9000716938,384 N State Hwy 1200,ANDHRA,134434
Genevieve,9000716939,76 N Memorial St,TELANGANA,134438
Madonna,9000716940,8425 S Robinson Dr,UP,134442
Eden,9000716941,16 Chihuahua St,GUJARAT,134446
Anne,9000716942,29481 E 7th St,ORISA,134450
Rana,9000716943,48 State Hwy 186,BANGLORE,134454
Calista,9000716944,159 Gilmer St,BIHAR,134458
Yoko,9000716945,8298 State Loop 221,DELHI,134462
Summer,9000716946,424 N Brooks Dr,TAMILNADU,134466
Karen,9000716947,60262 E Goodnight Ave,KERALA,134470
Giselle,9000716948,40 State Hwy 164,ASSAM,134474
Reagan,9000716949,12510 US Hwy 190,JAIPUR,134478
Naida,9000716950,3074 S Stemmons Fwy,ANDHRA,134482
Jordan,9000716951,648 E McGregor Dr,TELANGANA,134486
Medge,9000716952,44 State Loop 254,UP,134490
Celeste,9000716953,5908 E State Hwy 36,GUJARAT,134494
Melissa,9000716954,4870 FM 417,ORISA,134498
Madeline,9000716955,498 D Rd,BANGLORE,134502
Jena,9000716956,522 World War II Veteran,BIHAR,134506
Lee,9000716957,43043 State Hwy 156,DELHI,134510
Cora,9000716958,1535 S Pearl Expy,TAMILNADU,134514
Scarlett,9000716959,29 Cliffside Rd,KERALA,134518
Phyllis,9000716960,78385 W College St,ASSAM,134522
Alma,9000716961,5362 W 5th St,JAIPUR,134526
Brielle,9000716962,66 Old Fechner,ANDHRA,134530
Melinda,9000716963,1544 Lebanon Rd,TELANGANA,134534
Petra,9000716964,6615 N Area,UP,134538
Shelly,9000716965,18461 Carlos G Parker Blvd,GUJARAT,134542
Kylynn,9000716966,6553 Shoreline Rd,ORISA,134546
Zia,9000716967,67 State Spur 101,BANGLORE,134550
Lee,9000716968,98585 S Depot Rd,BIHAR,134554
Patience,9000716969,76 State Hwy 77,DELHI,134558
Dakota,9000716970,81182 42 N,TAMILNADU,134562
Lisandra,9000716971,48 Spr 325,KERALA,134566
Shay,9000716972,8629 State Hwy 155,ASSAM,134570
Sigourney,9000716973,1090 State Loop 40,JAIPUR,134574
Zenia,9000716974,11 E John W Carpenter F,ANDHRA,134578
Galena,9000716975,56462 Ss 45 E,TELANGANA,134582
Margaret,9000716976,31415 Broadway Ave,UP,134586
Nerea,9000716977,80122 Palestine St,GUJARAT,134590
Tanya,9000716978,62 Gun Barrel Ln,ORISA,134594
Kendall,9000716979,95721 W Princeton Dr,BANGLORE,134598
Rose,9000716980,6204 S Business 289,BIHAR,134602
Erin,9000716981,6283 North St,DELHI,134606
Violet,9000716982,43647 Brownfield Hwy,TAMILNADU,134610
Jackson,9000716983,34581 NW Frwy Acc,KERALA,134614
Joshua,9000716984,3416 US Hwy 285,ASSAM,134618
Joshua,9000716985,541 Kessler Ave,JAIPUR,134622
Jamal,9000716986,97299 Loop 1604,ANDHRA,134626
Ciaran,9000716987,457 N Greer Blvd,TELANGANA,134630
Hammett,9000716988,49 River Oaks Blvd,UP,134634
Nicholas,9000716989,53481 FM 291,GUJARAT,134638
Kelly,9000716990,77044 Bryant Blvd N,ORISA,134642
Leroy,9000716991,92 Hwy 59,BANGLORE,134646
Lionel,9000716992,47926 State Loop 510,BIHAR,134650
Brian,9000716993,62305 S Flores Rd,DELHI,134654
Omar,9000716994,224 Bus 277,TAMILNADU,134658
David,9000716995,308 E Loop 301,KERALA,134662
Lyle,9000716996,76 Beaumont Ave,ASSAM,134666
Kamal,9000716997,86921 59-Hov,JAIPUR,134670
Ian,9000716998,58 Gains Ranch Loop,ANDHRA,134674
Brenden,9000716999,87 Crystal City Hwy,TELANGANA,134678
Dillon,9000717000,43 FM 613,UP,134682
Rafael,9000717001,3140 Hanson Ave,GUJARAT,134686
Tucker,9000717002,21552 Levelland Hwy,ORISA,134690
Jacob,9000717003,84013 US Hwy 67/90,BANGLORE,134694
Jared,9000717004,52 N Spr 63,BIHAR,134698
Matthew,9000717005,5937 State Hwy 248,DELHI,134702
Hall,9000717006,84 Wright Dr,TAMILNADU,134706
Giacomo,9000717007,54030 State Park Rd 22,KERALA,134710
Carl,9000717008,68 E State Hwy 107,ASSAM,134714
Dieter,9000717009,81041 Webster Ave,JAIPUR,134718
Peter,9000717010,5588 I- 20,ANDHRA,134722
Jasper,9000717011,893 FM 256,TELANGANA,134726
Hiram,9000717012,51378 Tahoka Rd,UP,134730
Felix,9000717013,420 State Loop 177,GUJARAT,134734
Erasmus,9000717014,45 E Hwy 80,ORISA,134738
Lewis,9000717015,36 S Getty St,BANGLORE,134742
Dean,9000717016,25 President George Bus,BIHAR,134746
Ira,9000717017,982 Loop 332,DELHI,134750
Brandon,9000717018,54845 Colorado Dr,TAMILNADU,134754
Hop,9000717019,64624 Spr 115,KERALA,134758
Derek,9000717020,177 E US Hwy 380 Bus,ASSAM,134762
Vladimir,9000717021,41094 State Hwy 127,JAIPUR,134766
Keegan,9000717022,20797 State Loop 291,ANDHRA,134770
Alan,9000717023,33780 State Hwy 72,TELANGANA,134774
Dylan,9000717024,8066 N Chappell Hill St,UP,134778
Thomas,9000717025,13241 Poly North Fwy,GUJARAT,134782
Kibo,9000717026,98007 US Hwy 287P Bus,ORISA,134786
Jacob,9000717027,8263 State Hwy 78 Bus,BANGLORE,134790
David,9000717028,78292 Ranch Rd 1345,BIHAR,134794
Uriel,9000717029,14 Ranch Rd 1476,DELHI,134798
Rigel,9000717030,577 US Hwy Bus 271/n Jef,TAMILNADU,134802
Colton,9000717031,2048 6th St N,KERALA,134806
Valentine,9000717032,1660 US Hwy 84,ASSAM,134810
Daquan,9000717033,752 FM 219,JAIPUR,134814
Channing,9000717034,5837 State Hwy 45,ANDHRA,134818
Cruz,9000717035,29 E Johnson St,TELANGANA,134822
Tate,9000717036,7006 Greenbriar Rd,UP,134826
Abbot,9000717037,8941 W Goliad Ave,GUJARAT,134830
Benedict,9000717038,553 E Sam Rayburn Rd,ORISA,134834
Thaddeus,9000717039,7441 I- 45 Bus,BANGLORE,134838
Xavier,9000717040,37 N Walton Walker Blvd,BIHAR,134842
Brock,9000717041,461 Lake Rd,DELHI,134846
Trevor,9000717042,9064 FM 3393,TAMILNADU,134850
Nathan,9000717043,8169 W Kiest Blvd,KERALA,134854
Keefe,9000717044,71 Brazosport Blvd N,ASSAM,134858
Darius,9000717045,99218 W Brown St,JAIPUR,134862
David,9000717046,58 N Hwy 36,ANDHRA,134866
Rafael,9000717047,73974 State Spur 117,TELANGANA,134870
Zeph,9000717048,39020 Menard Hwy,UP,134874
Jermaine,9000717049,2317 Arp Dr,GUJARAT,134878
Maxwell,9000717050,712 N Broadway,ORISA,134882
Thane,9000717051,12038 Las Vacas St,BANGLORE,134886
Devin,9000717052,845 FM 4,BIHAR,134890
Damian,9000717053,621 S Faires St,DELHI,134894
Amery,9000717054,141 Hwy 96 Byp,TAMILNADU,134898
Porter,9000717055,12492 Old State Hwy 66,KERALA,134902
Brady,9000717056,97636 E Delano Ave,ASSAM,134906
Denton,9000717057,18542 State Spur 122,JAIPUR,134910
Yasir,9000717058,3128 Ed Bluestein Blvd,ANDHRA,134914
Lucas,9000717059,9884 W State Hwy 128,TELANGANA,134918
Geoffrey,9000717060,7940 US Hwy 90E,UP,134922
Hop,9000717061,67013 9th Ave,GUJARAT,134926
Louis,9000717062,906 State Hwy 323 NW,ORISA,134930
Addison,9000717063,96 Rusk Ave,BANGLORE,134934
Solomon,9000717064,65144 State Loop 110,BIHAR,134938
Beck,9000717065,92 N Laurent St,DELHI,134942
Kirk,9000717066,6462 W Loop 254,TAMILNADU,134946
Yoshio,9000717067,20616 State Spur 272,KERALA,134950
Asher,9000717068,74868 Northwest Fwy,ASSAM,134954
Chaim,9000717069,45 S Cravens Rd,JAIPUR,134958
Tanek,9000717070,750 S Washburn St,ANDHRA,134962
Cairo,9000717071,45213 E Ennis Ave,TELANGANA,134966
Garrett,9000717072,44245 S Harborth Ave,UP,134970
Kato,9000717073,795 Trans Mountain Rd,GUJARAT,134974
Kato,9000717074,84296 Hyw 49,ORISA,134978
Armando,9000717075,8469 State Hwy 1904 E,BANGLORE,134982
Sylvester,9000717076,26706 W Veterans Memorial ,BIHAR,134986
Rajah,9000717077,80376 S Loop Fwy,DELHI,134990
Gray,9000717078,24096 Hwy Blvd,TAMILNADU,134994
Dexter,9000717079,34 NE H K Dodgen Loop,KERALA,134998
Samuel,9000717080,18 State Hwy 347,ASSAM,135002
Josiah,9000717081,42311 E St,JAIPUR,135006
Colin,9000717082,11599 Loop 534,ANDHRA,135010
Colorado,9000717083,79 Hwy 3 S,TELANGANA,135014
Burton,9000717084,141 S 12th Ave,UP,135018
Barry,9000717085,48 Katy Fwy,GUJARAT,135022
Salvador,9000717086,838 Roland Dr,ORISA,135026
Randall,9000717087,73210 North Ave,BANGLORE,135030
Rogan,9000717088,674 FM 3393,BIHAR,135034
Ashton,9000717089,926 Neals Fwy,DELHI,135038
Driscoll,9000717090,63492 SW Stallings Dr,TAMILNADU,135042
Roth,9000717091,67609 N Railroad Ave,KERALA,135046
Guy,9000717092,54 Ghost Creek,ASSAM,135050
Ronan,9000717093,80567 Culver St,JAIPUR,135054
Matthew,9000717094,49 State Spur 271,ANDHRA,135058
Vladimir,9000717095,133 State Hwy 149,TELANGANA,135062
Barry,9000717096,78860 State Spur 470,UP,135066
Cullen,9000717097,965 S Highland Ave,GUJARAT,135070
Uriah,9000717098,75 State Loop 377,ORISA,135074
Quinn,9000717099,2214 Manley Ln,BANGLORE,135078
Keefe,9000717100,5868 Ranchroad 261,BIHAR,135082
Alec,9000717101,73223 Harding St,DELHI,135086
Cadman,9000717102,58461 Nueces St,TAMILNADU,135090
Ishmael,9000717103,541 N Martin Luther King,KERALA,135094
Kennan,9000717104,47 State Hwy 13,ASSAM,135098
Jacob,9000717105,25817 N Panam Expy,JAIPUR,135102
Francis,9000717106,8885 State Loop 424,ANDHRA,135106
Chaim,9000717107,4040 State Spur 47,TELANGANA,135110
Emerson,9000717108,612 S Union St,UP,135114
Brett,9000717109,56735 N Cage Blvd,GUJARAT,135118
Quamar,9000717110,186 State Spur 350,ORISA,135122
Uriel,9000717111,31607 Stonegate Blvd,BANGLORE,135126
Keaton,9000717112,66259 State Hwy W 199,BIHAR,135130
Myles,9000717113,4777 Padre Island Dr Brg,DELHI,135134
Jasper,9000717114,456 W Monroe St,TAMILNADU,135138
Isaiah,9000717115,988 Tiger Dr,KERALA,135142
Grady,9000717116,226 E Hurst,ASSAM,135146
Chase,9000717117,116 State Loop 533,JAIPUR,135150
Chaim,9000717118,3173 N Drake St,ANDHRA,135154
Ali,9000717119,451 E US Hwy 281,TELANGANA,135158
Anthony,9000717120,82 Hwy 81 N,UP,135162
Dean,9000717121,64 Summerhill Rd,GUJARAT,135166
Malik,9000717122,5516 S Mehnert St,ORISA,135170
Quentin,9000717123,36 State Loop 485,BANGLORE,135174
Ahmed,9000717124,40140 State Loop 173,BIHAR,135178
Benedict,9000717125,48831 S Wood St,DELHI,135182
Norman,9000717126,399 State Hwy 97 E,TAMILNADU,135186
Damon,9000717127,2934 Fort Bend Pkwy,KERALA,135190
Edward,9000717128,40 College Park Dr,ASSAM,135194
Cyrus,9000717129,57692 E Irving Blvd,JAIPUR,135198
Cameron,9000717130,37 S Key Ave,ANDHRA,135202
Garrett,9000717131,87 S 6th St,TELANGANA,135206
Jackson,9000717132,62277 State Hwy 100,UP,135210
Brennan,9000717133,20579 Loop 500,GUJARAT,135214
Damian,9000717134,2760 Bois D'Arc,ORISA,135218
Declan,9000717135,57 Dessau Rd,BANGLORE,135222
Eagan,9000717136,23 FM 684,BIHAR,135226
Brenden,9000717137,52442 Fisher St,DELHI,135230
Mohammad,9000717138,7616 US Hwy 59F Bus,TAMILNADU,135234
Jameson,9000717139,19048 N Dill St,KERALA,135238
Preston,9000717140,961 E Hwy 377,ASSAM,135242
Owen,9000717141,525 Donigan Rd,JAIPUR,135246
Jamal,9000717142,667 S Bryant Blvd,ANDHRA,135250
Graiden,9000717143,431 W Dallas Ave,TELANGANA,135254
Charles,9000717144,210 E Rio Grande St,UP,135258
Holmes,9000717145,16 E State Hwy 115,GUJARAT,135262
Harper,9000717146,62 FM 916,ORISA,135266
Tyler,9000717147,1281 State Hwy 35C Bus,BANGLORE,135270
Hammett,9000717148,898 Avenue E,BIHAR,135274
Macon,9000717149,99086 State Hwy 329,DELHI,135278
Davis,9000717150,897 S Grant Ave,TAMILNADU,135282
Allen,9000717151,73 W Rio Grande St,KERALA,135286
Allistair,9000717152,810 FM 466,ASSAM,135290
Francis,9000717153,61 Central Texas Expy,JAIPUR,135294
Boris,9000717154,864 SW H K Dodgen Loop,ANDHRA,135298
Derek,9000717155,896 State Spur 290,TELANGANA,135302
Drew,9000717156,674 N East End Blvd,UP,135306
Carter,9000717157,31 Hwt 62,GUJARAT,135310
Abbot,9000717158,91498 Halsell Ave,ORISA,135314
Giacomo,9000717159,264 W Washington St,BANGLORE,135318
Eaton,9000717160,41547 Cora St,BIHAR,135322
Xenos,9000717161,10241 Merle,DELHI,135326
Wesley,9000717162,2941 State Hwy 323 NW,TAMILNADU,135330
Hasad,9000717163,8266 State Hwy 166,KERALA,135334
Amos,9000717164,284 E Oak St,ASSAM,135338
Grady,9000717165,3050 W Corpus Christi St,JAIPUR,135342
Jelani,9000717166,3623 S Austin St,ANDHRA,135346
Hakeem,9000717167,8691 N Home St,TELANGANA,135350
Thane,9000717168,48241 E Bensdale St,UP,135354
Laith,9000717169,569 State Loop 472,GUJARAT,135358
Samuel,9000717170,69176 State Hwy 368,ORISA,135362
Howard,9000717171,6673 Cr 2830,BANGLORE,135366
Hasad,9000717172,67 S Louise St,BIHAR,135370
Lucius,9000717173,9240 S Wood St,DELHI,135374
Dante,9000717174,738 Old Katy Rd,TAMILNADU,135378
Isaiah,9000717175,8155 E Bus 380,KERALA,135382
Xander,9000717176,87278 State Loop 425,ASSAM,135386
Myles,9000717177,484 San Antonio,JAIPUR,135390
Ethan,9000717178,15 S Frazier St,ANDHRA,135394
Dillon,9000717179,18887 Cheyenne Pl,TELANGANA,135398
Reese,9000717180,423 State Hwy 186,UP,135402
Solomon,9000717181,68 Wayside Dr,GUJARAT,135406
Kane,9000717182,87665 W Wilks St,ORISA,135410
Audrey,9000717183,142 S Day St,BANGLORE,135414
Jade,9000717184,664 Cowen St,BIHAR,135418
Uta,9000717185,41591 Dyer St,DELHI,135422
Unity,9000717186,949 E Omega St,TAMILNADU,135426
Nola,9000717187,96339 N Washington St,KERALA,135430
Odessa,9000717188,3816 Kell E,ASSAM,135434
Zorita,9000717189,61384 Bailey Ave,JAIPUR,135438
Donna,9000717190,405 Wade Blvd,ANDHRA,135442
Ariana,9000717191,173 Westwood Dr N,TELANGANA,135446
Halla,9000717192,6956 US Hwy 59,UP,135450
Wynter,9000717193,10 US Hwy 385,GUJARAT,135454
Rebecca,9000717194,4391 Addicks Satsuma Rd,ORISA,135458
Hadley,9000717195,98 State Hwy 51,BANGLORE,135462
Cameran,9000717196,70 Grand Central Ave,BIHAR,135466
Blaine,9000717197,65 N US Hwy 69,DELHI,135470
Kitra,9000717198,47 E Houston Harte Expy,TAMILNADU,135474
Yeo,9000717199,98 W State Hwy 302,KERALA,135478
Cora,9000717200,95827 W Davis St,ASSAM,135482
Hadley,9000717201,412 Carlos G Parker Blvd,JAIPUR,135486
Audra,9000717202,410 E Katherine P Rains ,ANDHRA,135490
Whoopi,9000717203,85187 E US Hwy 70,TELANGANA,135494
Brielle,9000717204,434 Fort McKavitt St,UP,135498
Indira,9000717205,65 State Spur 494,GUJARAT,135502
Charlotte,9000717206,885 SW Loop 286,ORISA,135506
Tallulah,9000717207,9535 E 2nd St,BANGLORE,135510
Piper,9000717208,40789 Rolater Rd,BIHAR,135514
Eve,9000717209,253 NW 4th St,DELHI,135518
Kaden,9000717210,8301 State Spur 434,TAMILNADU,135522
Savannah,9000717211,6470 S W 5th St,KERALA,135526
Cailin,9000717212,23162 N Colorado St,ASSAM,135530
Zephr,9000717213,26804 Spr 100,JAIPUR,135534
Rhonda,9000717214,72 N State Hwy 11,ANDHRA,135538
Maxine,9000717215,5574 Yeagua St,TELANGANA,135542
Myra,9000717216,23 State Loop 385,UP,135546
Sacha,9000717217,6195 US Hwy 90A W,GUJARAT,135550
Scarlet,9000717218,1256 Hempstead Rd,ORISA,135554
Deborah,9000717219,7470 W Morris St,BANGLORE,135558
Courtney,9000717220,8174 I- 10 Bus,BIHAR,135562
Blaine,9000717221,86478 Hwy 101 W,DELHI,135566
Gillian,9000717222,4532 State Hwy 17 N,TAMILNADU,135570
Dana,9000717223,2280 Austin Rd,KERALA,135574
Brielle,9000717224,48001 W Royal,ASSAM,135578
Deirdre,9000717225,7218 S Colorado St,JAIPUR,135582
April,9000717226,1813 N Powell Pkwy,ANDHRA,135586
Adria,9000717227,23575 N Sunset Strip St,TELANGANA,135590
Naomi,9000717228,417 N FM 51,UP,135594
Ria,9000717229,946 S Jackson St,GUJARAT,135598
Shea,9000717230,43614 State Loop 564,ORISA,135602
Rhoda,9000717231,3581 E Broad St,BANGLORE,135606
Stella,9000717232,893 Ranch Rd 781,BIHAR,135610
Jena,9000717233,62503 Landa St,DELHI,135614
Tatum,9000717234,1735 State Hwy 100,TAMILNADU,135618
Miriam,9000717235,99890 W Wilks St,KERALA,135622
Sophia,9000717236,51844 Manley Ln,ASSAM,135626
Simone,9000717237,17 Bowie Ave,JAIPUR,135630
Mia,9000717238,240 N W E Crawford Ave,ANDHRA,135634
Rinah,9000717239,78054 Colleyville Blvd,TELANGANA,135638
Judith,9000717240,28865 W Main St,UP,135642
Lilah,9000717241,936 E Renfro St,GUJARAT,135646
Maisie,9000717242,720 State Hwy 149,ORISA,135650
Dana,9000717243,228 N Ray Roberts Pkwy,BANGLORE,135654
Karyn,9000717244,2531 US Hwy 77X Bus,BIHAR,135658
Molly,9000717245,4173 N Neches St,DELHI,135662
Helen,9000717246,32368 I- 35W,TAMILNADU,135666
Kelsey,9000717247,79 State Hwy 35,KERALA,135670
Illana,9000717248,4231 State Spur 57,ASSAM,135674
Clementine,9000717249,921 Cliffside Rd,JAIPUR,135678
Xantha,9000717250,6194 Bob Bullock Loop,ANDHRA,135682
Vielka,9000717251,17277 Kell W,TELANGANA,135686
Cassandra,9000717252,738 N Wood St,UP,135690
Martha,9000717253,281 State Hwy 251,GUJARAT,135694
Hayley,9000717254,9363 W John Carpenter Fwy,ORISA,135698
Alexis,9000717255,845 277 S,BANGLORE,135702
Alyssa,9000717256,1757 Pratt Rd,BIHAR,135706
Maggy,9000717257,2827 State Spur 324,DELHI,135710
Amy,9000717258,738 E Hwy 25,TAMILNADU,135714
Shaeleigh,9000717259,48632 W University Ave,KERALA,135718
Zena,9000717260,3858 State Hwy W 199,ASSAM,135722
Lana,9000717261,28844 Congress Ave S,JAIPUR,135726
Olympia,9000717262,74305 State Hwy 146N,ANDHRA,135730
Genevieve,9000717263,997 FM 90,TELANGANA,135734
Vivien,9000717264,8373 State Loop 494,UP,135738
Stacey,9000717265,8306 N Earl Rudder Fwy,GUJARAT,135742
Nola,9000717266,1488 Robert B Cullum Blvd,ORISA,135746
Lacy,9000717267,9980 Quincy St,BANGLORE,135750
Justine,9000717268,370 E Business Highway 8,BIHAR,135754
Tanya,9000717269,64638 S FM 1518,DELHI,135758
Azalia,9000717270,9044 Karnes Rd,TAMILNADU,135762
Astra,9000717271,73314 US Hwy 77 Alternate ,KERALA,135766
Tamara,9000717272,38 I- 10C Bus,ASSAM,135770
Kristen,9000717273,58198 Hwy 40,JAIPUR,135774
Amy,9000717274,2066 FM 499,ANDHRA,135778
Urielle,9000717275,22665 Uribe St,TELANGANA,135782
Lunea,9000717276,27968 W Lennon Dr/hwy 69,UP,135786
Bo,9000717277,32534 S Buchanan St,GUJARAT,135790
Mercedes,9000717278,96 E John Carpenter Fwy,ORISA,135794
Dominique,9000717279,625 FM 1970,BANGLORE,135798
Joy,9000717280,442 S Gaston,BIHAR,135802
Mollie,9000717281,450 W Pacific Ave,DELHI,135806
Tatiana,9000717282,12291 S Texas Ave,TAMILNADU,135810
Dorothy,9000717283,5410 E US Hwy 380 Bus,KERALA,135814
Sierra,9000717284,958 N Marshall St,ASSAM,135818
Dacey,9000717285,41391 W US Hwy 290,JAIPUR,135822
Lunea,9000717286,325 SE Loop 281,ANDHRA,135826
Tatiana,9000717287,752 Hwy 59 N,TELANGANA,135830
Amena,9000717288,39 W Glenwood Blvd,UP,135834
Madison,9000717289,95359 10-Hov Fwy,GUJARAT,135838
Phoebe,9000717290,84 Burnet Rd,ORISA,135842
Skyler,9000717291,40470 W 6th Ave,BANGLORE,135846
Jescie,9000717292,28523 E Palestine Ave,BIHAR,135850
Tallulah,9000717293,50 E 5th St,DELHI,135854
Sigourney,9000717294,282 N Fredonia St,TAMILNADU,135858
Amena,9000717295,25 State Loop 372,KERALA,135862
Remedios,9000717296,172 FM 266,ASSAM,135866
Sydney,9000717297,9288 US Hwy 183V Bus,JAIPUR,135870
Teagan,9000717298,9815 US Hwy 281S,ANDHRA,135874
Yvette,9000717299,34969 N Hwy 360,TELANGANA,135878
Unity,9000717300,43 N US Hwy 67,UP,135882
Mira,9000717301,4436 State Hwy 220,GUJARAT,135886
Vera,9000717302,9622 S Bridge St,ORISA,135890
Brenna,9000717303,60533 W Hwy 56,BANGLORE,135894
Sloane,9000717304,7850 S Hwy 6,BIHAR,135898
Charity,9000717305,25 FM 278,DELHI,135902
Kylee,9000717306,2805 Old Fechner,TAMILNADU,135906
Avye,9000717307,4517 S Storts St,KERALA,135910
Marcia,9000717308,392 David Vetter Bouleva,ASSAM,135914
Zelenia,9000717309,2007 SE 24th Ave,JAIPUR,135918
Phoebe,9000717310,29 Owk Dr,ANDHRA,135922
Shay,9000717311,3651 Val Verde Ave,TELANGANA,135926
Shaeleigh,9000717312,798 State Spur 114,UP,135930
Idona,9000717313,459 N Lasalle St,GUJARAT,135934
Neve,9000717314,22 F Rd,ORISA,135938
Ciara,9000717315,23 Beaumont Ave,BANGLORE,135942
Laurel,9000717316,98202 US Hwy 77 Alt,BIHAR,135946
Ignacia,9000717317,69 S Wharton St,DELHI,135950
Aphrodite,9000717318,9184 State Loop 478,TAMILNADU,135954
Gay,9000717319,54434 State Loop 346,KERALA,135958
Ruth,9000717320,17 Ave Hwy 163,ASSAM,135962
Indira,9000717321,186 E Loop 340,JAIPUR,135966
Rinah,9000717322,73 N Trinity St,ANDHRA,135970
Eve,9000717323,5949 Richmond-Sugarland R,TELANGANA,135974
Nicole,9000717324,24479 E Houston Harte Expy,UP,135978
Freya,9000717325,33 Beaumont Hwy,GUJARAT,135982
Cara,9000717326,7917 W 6th Ave,ORISA,135986
Rana,9000717327,6916 N S Hwy 16,BANGLORE,135990
Anika,9000717328,26 NE H K Dodgen Loop,BIHAR,135994
Avye,9000717329,138 Mile 16 Rd N,DELHI,135998
Robin,9000717330,9645 W Hall St,TAMILNADU,136002
Astra,9000717331,31 W Rusk St,KERALA,136006
Freya,9000717332,8561 N Crockett Ave,ASSAM,136010
Sacha,9000717333,299 E American Blvd,JAIPUR,136014
Madonna,9000717334,620 Bryant Blvd N,ANDHRA,136018
Noelle,9000717335,462 I-40 Bus,TELANGANA,136022
Kay,9000717336,97708 US Hwy 377 N,UP,136026
Pearl,9000717337,24 Sandshell Blvd,GUJARAT,136030
Genevieve,9000717338,22 US Hwy 90 Bus,ORISA,136034
Madonna,9000717339,41 288,BANGLORE,136038
Eden,9000717340,34 S Hw 21,BIHAR,136042
Anne,9000717341,1419 Badger/n US Hwy 385,DELHI,136046
Rana,9000717342,45442 W Southline St,TAMILNADU,136050
Calista,9000717343,12623 FM 1644,KERALA,136054
Yoko,9000717344,242 Creek 109,ASSAM,136058
Summer,9000717345,92 E Tyler St,JAIPUR,136062
Karen,9000717346,407 E Hwy 90,ANDHRA,136066
Giselle,9000717347,67080 S Loop 335 E,TELANGANA,136070
Reagan,9000717348,74 S Alamo St,UP,136074
Naida,9000717349,8392 Airport Acres Hwy,GUJARAT,136078
Jordan,9000717350,48 State Loop 505,ORISA,136082
Medge,9000717351,9006 N Ceylon St,BANGLORE,136086
Celeste,9000717352,69 W College St,BIHAR,136090
Melissa,9000717353,49712 Key Ranch Rd,DELHI,136094
Madeline,9000717354,44 Van Hwy,TAMILNADU,136098
Jena,9000717355,4245 Benthaven Way,KERALA,136102
Lee,9000717356,34 N Buchanan St,ASSAM,136106
Cora,9000717357,59275 State Spur 530,JAIPUR,136110
Scarlett,9000717358,42945 State Hwy 132,ANDHRA,136114
Phyllis,9000717359,38231 NE 4th St,TELANGANA,136118
Alma,9000717360,2677 Avenue A South Dr,UP,136122
Brielle,9000717361,23599 State Spur 78,GUJARAT,136126
Melinda,9000717362,9235 W US Hwy 175,ORISA,136130
Petra,9000717363,4710 State Loop 187,BANGLORE,136134
Shelly,9000717364,237 W Gibson St,BIHAR,136138
Kylynn,9000717365,7053 FM 417,DELHI,136142
Zia,9000717366,4637 T J Taylor Ave,TAMILNADU,136146
Lee,9000717367,9279 State Spur 470,KERALA,136150
Patience,9000717368,99 N FM 1417 Exd,ASSAM,136154
Dakota,9000717369,15 S Danville St,JAIPUR,136158
Lisandra,9000717370,184 I- 35A Bus,ANDHRA,136162
Shay,9000717371,163 12th St,TELANGANA,136166
Sigourney,9000717372,318 US Hwy 75,UP,136170
Zenia,9000717373,436 N Jefferson St,GUJARAT,136174
Galena,9000717374,3302 S Hwy 288B,ORISA,136178
Margaret,9000717375,26 S I- 27,BANGLORE,136182
Nerea,9000717376,11 State Hwy 274,BIHAR,136186
Tanya,9000717377,56495 FM 1731,DELHI,136190
Kendall,9000717378,5547 Bu 82-J,TAMILNADU,136194
Rose,9000717379,94012 Hwy 11,KERALA,136198
Erin,9000717380,70039 N Maple,ASSAM,136202
Violet,9000717381,544 State Hwy 240,JAIPUR,136206
Halee,9000717382,9317 E Hendryx Ave,ANDHRA,136210
Grace,9000717383,1450 FM 226,TELANGANA,136214
Cecilia,9000717384,82008 S Hwy 304,UP,136218
Blythe,9000717385,750 W Brillhart Ave,GUJARAT,136222
Charde,9000717386,4232 Ranch Rd 1623,ORISA,136226
Hayfa,9000717387,9586 W Grand Ave,BANGLORE,136230
Imani,9000717388,49 E Commerce St,BIHAR,136234
Cassady,9000717389,28 Hurst St,DELHI,136238
Kerry,9000717390,289 Hwy,TAMILNADU,136242
Brynne,9000717391,703 FM 441,KERALA,136246
Kelsey,9000717392,15535 S Padre Island Dr,ASSAM,136250
Tara,9000717393,63 FM 357,JAIPUR,136254
Lynn,9000717394,89 N Hinton St,ANDHRA,136258
Alana,9000717395,54297 Bensdale Rd,TELANGANA,136262
Sonia,9000717396,30 Montague St,UP,136266
Tanya,9000717397,80431 State Hwy 329,GUJARAT,136270
Idona,9000717398,294 Ranch Rd 1217,ORISA,136274
Deirdre,9000717399,366 E Delano St,BANGLORE,136278
Naomi,9000717400,92607 Eden-Paint Rock Hwy,BIHAR,136282
Deirdre,9000717401,92330 State Hwy 166,DELHI,136286
Regina,9000717402,47495 E Gassaway Ave,TAMILNADU,136290
Nomlanga,9000717403,47047 State Spur 525,KERALA,136294
Zelda,9000717404,7904 Lamar Rd,ASSAM,136298
Ursa,9000717405,154 Nueces St,JAIPUR,136302
Kiayada,9000717406,40109 Faudree Rd,ANDHRA,136306
Nicole,9000717407,276 Seawall Blvd,TELANGANA,136310
Xaviera,9000717408,98548 Alcove,UP,136314
Zelenia,9000717409,61 FM 1243,GUJARAT,136318
Phoebe,9000717410,588 Loop 274,ORISA,136322
Shay,9000717411,95963 N Loop 336 E,BANGLORE,136326
Shaeleigh,9000717412,44742 S Seaman St,BIHAR,136330
Idona,9000717413,63 State Hwy 272,DELHI,136334
Neve,9000717414,998 Airport Hwy 21,TAMILNADU,136338
Ciara,9000717415,34 W Glenwood Blvd,KERALA,136342
Laurel,9000717416,84 South Ave,ASSAM,136346
Ignacia,9000717417,5586 W Gravis Ave,JAIPUR,136350
Aphrodite,9000717418,54 S Main St,ANDHRA,136354
Gay,9000717419,20693 FM 901,TELANGANA,136358
Ruth,9000717420,53 NW 4th St,UP,136362
Indira,9000717421,9136 Columbia St,GUJARAT,136366
Rinah,9000717422,5559 N Maple St,ORISA,136370
Eve,9000717423,2721 S Mc Lean St,BANGLORE,136374
Nicole,9000717424,7460 Robertson Creek Rd,BIHAR,136378
Freya,9000717425,50 E 6th Ave,DELHI,136382
Cara,9000717426,78086 S Pan Am Expy,TAMILNADU,136386
Rana,9000717427,489 State Hwy 289 N,KERALA,136390
Anika,9000717428,3638 FM 580,ASSAM,136394
Avye,9000717429,66 State Hwy 85 W,JAIPUR,136398
Robin,9000717430,9605 Hwy 85 W,ANDHRA,136402
Astra,9000717431,401 E Forrest St,TELANGANA,136406
Freya,9000717432,6056 Water St,UP,136410
Sacha,9000717433,12 State Spur 572,GUJARAT,136414
Madonna,9000717434,68 E Hwy 66,ORISA,136418
Noelle,9000717435,394 E Gonzales,BANGLORE,136422
Kay,9000717436,4716 Old Hwy 20,BIHAR,136426
Pearl,9000717437,9730 State Hwy 323 N,DELHI,136430
Genevieve,9000717438,75 State Hwy 30,TAMILNADU,136434
Madonna,9000717439,526 Summerhill Rd,KERALA,136438
Eden,9000717440,46 S Dewey Ave,ASSAM,136442
Anne,9000717441,470 Ferguson Rd,JAIPUR,136446
Rana,9000717442,176 State Hwy 36E Bus,ANDHRA,136450
Calista,9000717443,3935 N Baily St,TELANGANA,136454
Yoko,9000717444,4931 E US Hwy 80,UP,136458
Summer,9000717445,2955 E Court Plz,GUJARAT,136462
Karen,9000717446,9069 State Spur 260,ORISA,136466
Giselle,9000717447,468 Old Hwy 290,BANGLORE,136470
Reagan,9000717448,7322 S Teel Dr,BIHAR,136474
Naida,9000717449,112 Kilgore Dr,DELHI,136478
Jordan,9000717450,5441 State Hwy 186,TAMILNADU,136482
Medge,9000717451,14 N 16th St,KERALA,136486
Celeste,9000717452,45880 State Hwy 7b Bus,ASSAM,136490
Melissa,9000717453,2480 State Hwy 16 S,JAIPUR,136494
Madeline,9000717454,8341 Wesley St,ANDHRA,136498
Jena,9000717455,13839 N Bruested,TELANGANA,136502
Lee,9000717456,25651 US Hwy 90A W,UP,136506
Cora,9000717457,2158 FM 142,GUJARAT,136510
Scarlett,9000717458,33 Hwy 190 W,ORISA,136514
Phyllis,9000717459,38405 Fritch Hwy,BANGLORE,136518
Alma,9000717460,44 E Carrington Ave,BIHAR,136522
Brielle,9000717461,42 I- 10,DELHI,136526
Melinda,9000717462,711 FM 2169,TAMILNADU,136530
Petra,9000717463,714 US Hwy 79B Bus,KERALA,136534
Shelly,9000717464,2457 Nacogdoches St,ASSAM,136538
Kylynn,9000717465,42828 State Hwy 27,JAIPUR,136542
Zia,9000717466,334 US Hwy 81E Bus,ANDHRA,136546
Lee,9000717467,917 W Morris St,TELANGANA,136550
Patience,9000717468,355 Ed Bluestein Blvd,UP,136554
Dakota,9000717469,43960 S Business 289,GUJARAT,136558
Lisandra,9000717470,21 Mineola Hwy,ORISA,136562
Shay,9000717471,26808 S Walton Walker Blvd,BANGLORE,136566
Sigourney,9000717472,6456 Capt Henry Stout,BIHAR,136570
Zenia,9000717473,67 S Hwy 35,DELHI,136574
Galena,9000717474,1633 Boca Chica Blvd,TAMILNADU,136578
Margaret,9000717475,6497 US Hwy 81 N,KERALA,136582
Nerea,9000717476,313 S Faires St,ASSAM,136586
Tanya,9000717477,569 Hwy 96 Byp,JAIPUR,136590
Kendall,9000717478,39 S Corinth St,ANDHRA,136594
Rose,9000717479,4580 Spring St,TELANGANA,136598
Erin,9000717480,62 N Capital of Texas H,UP,136602
